INSERT INTO Succursale VALUES (1,'Architettura','Via Ghiara','36',44121,'Ferrara');
INSERT INTO Succursale VALUES (2,'Economia e management','Via Voltapaletto','11',44121,'Ferrara');
INSERT INTO Succursale VALUES (3,'Fisica e Scienze della Terra','Via Saragat','1',44122,'Ferrara');
INSERT INTO Succursale VALUES (4,'Giurisprudenza','Corso Ercole I d`Este','37',44121,'Ferrara');
INSERT INTO Succursale VALUES (5,'Ingegneria','Via Saragat','1',44122,'Ferrara');
INSERT INTO Succursale VALUES (6,'Matematica e informatica','Via Machiavelli','30',44121,'Ferrara');
INSERT INTO Succursale VALUES (7,'Morfologia chirurgia e medicina sperimentale','Via Luigi Borsari','46',44121,'Ferrara');
INSERT INTO Succursale VALUES (8,'Scienze biomediche e chirurgico specialistiche','Via Luigi Borsari','46',44121,'Ferrara');
INSERT INTO Succursale VALUES (9,'Scienze chimiche e farmaceutiche','Via Luigi Borsari','46',44121,'Ferrara');
INSERT INTO Succursale VALUES (10,'Scienze della vita e biotecnologie','Via Luigi Borsari','46',44121,'Ferrara');
INSERT INTO Succursale VALUES (11,'Scienze mediche','Via Fossato di Mortara','64/B',44121,'Ferrara');
INSERT INTO Succursale VALUES (12,'Studi umanistici','Via Paradiso','12',44121,'Ferrara');

INSERT INTO ISBN_Info VALUES ('387623794-7','Get Smart','English',2010);
INSERT INTO ISBN_Info VALUES ('346481000-3','South of Heaven West of Hell','English',2015);
INSERT INTO ISBN_Info VALUES ('068254989-4','Human Failure (Menschliches Versagen)','English',2014);
INSERT INTO ISBN_Info VALUES ('502714957-3','Revenge of the Nerds','Japanese',2019);
INSERT INTO ISBN_Info VALUES ('698429931-4','Lone Ranger The','Icelandic',2011);
INSERT INTO ISBN_Info VALUES ('752213396-3','Brides (Nyfes)','Georgian',2012);
INSERT INTO ISBN_Info VALUES ('857627191-5','Larceny Inc','English',2012);
INSERT INTO ISBN_Info VALUES ('660038142-6','Stonewall','Icelandic',2016);
INSERT INTO ISBN_Info VALUES ('870560200-9','Eight Crazy Nights (Adam Sandler s Eight Crazy Nights)','English',2018);
INSERT INTO ISBN_Info VALUES ('137066182-7','Gone Fishin ','Georgian',2012);
INSERT INTO ISBN_Info VALUES ('863050834-5','Richard III','Chinese',2019);
INSERT INTO ISBN_Info VALUES ('998941371-1','Stupid Boy (Garçon stupide)','Italian',2013);
INSERT INTO ISBN_Info VALUES ('368968937-6','Secret Garden The','English',2014);
INSERT INTO ISBN_Info VALUES ('653073623-9','Act Da Fool','English',2020);
INSERT INTO ISBN_Info VALUES ('867778553-1','Hot Fuzz','Polish',2012);
INSERT INTO ISBN_Info VALUES ('389625239-9','Get Bruce','Hebrew',2020);
INSERT INTO ISBN_Info VALUES ('204897847-9','No Retreat No Surrender 2 Raging Thunder','Italian',2019);
INSERT INTO ISBN_Info VALUES ('772713523-2','Back Soon','English',2013);
INSERT INTO ISBN_Info VALUES ('255439894-1','Pitch Black','English',2015);
INSERT INTO ISBN_Info VALUES ('004023598-X','Gingerbread Man The','Dari',2012);
INSERT INTO ISBN_Info VALUES ('661872594-1','Woman on the Beach (Haebyeonui yeoin)','English',2020);
INSERT INTO ISBN_Info VALUES ('666013383-6','Lost City The','English',2014);
INSERT INTO ISBN_Info VALUES ('165632171-8','Paradise Lost 2 Revelations','Italian',2010);
INSERT INTO ISBN_Info VALUES ('425111017-X','Key Largo','Estonian',2019);
INSERT INTO ISBN_Info VALUES ('507124152-8','Diplomacy (Diplomatie)','French',2019);
INSERT INTO ISBN_Info VALUES ('435456826-8','Lavender Hill Mob The','English',2016);
INSERT INTO ISBN_Info VALUES ('851106761-2','Chronicle of a Summer (Chronique d un été)','Italian',2019);
INSERT INTO ISBN_Info VALUES ('301170811-8','Such Is Life (Así es la vida)','English',2019);
INSERT INTO ISBN_Info VALUES ('214940353-6','Tenchi The Samurai Astronomer','English',2018);
INSERT INTO ISBN_Info VALUES ('351898785-2','Boys from Fengkuei The (Feng gui lai de ren)','Portuguese',2016);
INSERT INTO ISBN_Info VALUES ('887526619-0','Thieves The (Dodookdeul)','Romanian',2011);
INSERT INTO ISBN_Info VALUES ('618325112-7','Blackmailed','Czech',2013);
INSERT INTO ISBN_Info VALUES ('670271351-7','Cocaine Cowboys II Hustlin  With the Godmother','Indonesian',2011);
INSERT INTO ISBN_Info VALUES ('814543114-X','Ingeborg Holm','English',2013);
INSERT INTO ISBN_Info VALUES ('601546113-6','1208 East of Bucharest (A fost sau n-a fost?)','Gujarati',2011);
INSERT INTO ISBN_Info VALUES ('501862280-6','Redemption The Stan Tookie Williams Story','Finnish',2011);
INSERT INTO ISBN_Info VALUES ('050916783-7','Inspectors The','Catalan',2017);
INSERT INTO ISBN_Info VALUES ('265972215-3','Animal House','English',2017);
INSERT INTO ISBN_Info VALUES ('848202184-2','Red Riding 1983','English',2019);
INSERT INTO ISBN_Info VALUES ('927994979-9','Missionary Man','Dhivehi',2017);
INSERT INTO ISBN_Info VALUES ('296111646-5','Golem','Japanese',2019);
INSERT INTO ISBN_Info VALUES ('829914597-X','Project X','English',2019);
INSERT INTO ISBN_Info VALUES ('786395256-5','Dragon Ball Z Bio-Broly (Doragon bôru Z 11 Sûpâ senshi gekiha! Katsu no wa ore da)','English',2019);
INSERT INTO ISBN_Info VALUES ('970334328-7','Forbidden Christ The (Cristo proibito Il)','Danish',2019);
INSERT INTO ISBN_Info VALUES ('086031288-7','Stingray Sam','Polish',2019);
INSERT INTO ISBN_Info VALUES ('763200529-3','Inspector Palmu s Error (Komisario Palmun erehdys)','English',2016);
INSERT INTO ISBN_Info VALUES ('510453377-8','Streetcar Named Desire A','English',2013);
INSERT INTO ISBN_Info VALUES ('290005808-2','World of Kanako The (Kawaki)','Lao',2020);
INSERT INTO ISBN_Info VALUES ('085745713-6','Suit for Wedding A (aka The Wedding Suit) (Lebassi Baraye Arossi)','English',2020);
INSERT INTO ISBN_Info VALUES ('364615054-8','Human-computer interaction','English',2017);
INSERT INTO ISBN_Info VALUES ('775940054-3','I m Reed Fish','Kashmiri',2017);
INSERT INTO ISBN_Info VALUES ('925812482-0','Kumail Nanjiani Beta Male ','German',2010);
INSERT INTO ISBN_Info VALUES ('584224789-5','Teaching Mrs Tingle','English',2020);
INSERT INTO ISBN_Info VALUES ('354835830-6','Always','Catalan',2015);
INSERT INTO ISBN_Info VALUES ('285192251-3','Delta','English',2011);
INSERT INTO ISBN_Info VALUES ('386397507-3','Gunfighter The','Albanian',2013);
INSERT INTO ISBN_Info VALUES ('733508116-5','Angels  Share The','English',2017);
INSERT INTO ISBN_Info VALUES ('801081738-4','Murder by Proxy How America Went Postal','English',2019);
INSERT INTO ISBN_Info VALUES ('560797299-2','Arthur and the Revenge of Maltazard (Arthur et la vengeance de Maltazard)','English',2017);
INSERT INTO ISBN_Info VALUES ('492112694-1','Closure','English',2018);
INSERT INTO ISBN_Info VALUES ('182342356-6','Meet Joe Black','Japanese',2011);
INSERT INTO ISBN_Info VALUES ('299282269-8','Scenic Route','English',2015);
INSERT INTO ISBN_Info VALUES ('055417113-9','Private Detective 62','English',2017);
INSERT INTO ISBN_Info VALUES ('101215590-0','Cars','English',2012);
INSERT INTO ISBN_Info VALUES ('951964371-0','Iron Mask The','Bengali',2014);
INSERT INTO ISBN_Info VALUES ('469785019-X','Wave The (Welle Die)','English',2014);
INSERT INTO ISBN_Info VALUES ('368990830-2','Andrei Rublev (Andrey Rublyov)','English',2017);
INSERT INTO ISBN_Info VALUES ('300485539-9','Wild River','Dzongkha',2012);
INSERT INTO ISBN_Info VALUES ('976860084-5','Krrish','English',2016);
INSERT INTO ISBN_Info VALUES ('147191251-5','You Only Live Once','Dari',2018);
INSERT INTO ISBN_Info VALUES ('076691563-8','Bed & Breakfast Love is a Happy Accident (Bed & Breakfast)','Dari',2018);
INSERT INTO ISBN_Info VALUES ('860964250-X','Iron Horse The','Japanese',2013);
INSERT INTO ISBN_Info VALUES ('384050463-5','Ninotchka','Quechua',2017);
INSERT INTO ISBN_Info VALUES ('158999545-7','Rains of Ranchipur The','English',2012);
INSERT INTO ISBN_Info VALUES ('136964378-0','Maniac','English',2013);
INSERT INTO ISBN_Info VALUES ('194862546-6','Dakota Skye','English',2011);
INSERT INTO ISBN_Info VALUES ('129488690-8','Family Tree','English',2017);
INSERT INTO ISBN_Info VALUES ('432587582-4','Rebecca','Swedish',2015);
INSERT INTO ISBN_Info VALUES ('515279116-1','The Frame','English',2010);
INSERT INTO ISBN_Info VALUES ('825867311-4','Kairat','Hiri Motu',2013);
INSERT INTO ISBN_Info VALUES ('712463375-3','Fear','English',2012);
INSERT INTO ISBN_Info VALUES ('536751983-0','Slaves to the Underground','French',2014);
INSERT INTO ISBN_Info VALUES ('284203566-6','Trial','Korean',2013);
INSERT INTO ISBN_Info VALUES ('175205668-X','Gasoline (Benzina)','English',2019);
INSERT INTO ISBN_Info VALUES ('672217513-8','Heaven s Prisoners','Bengali',2014);
INSERT INTO ISBN_Info VALUES ('607745120-7','HTM & CSS','Italian',2018);
INSERT INTO ISBN_Info VALUES ('611928800-7','Cyrano de Bergerac','Korean',2017);
INSERT INTO ISBN_Info VALUES ('226372696-9','State of Siege (État de siège)','Hindi',2013);
INSERT INTO ISBN_Info VALUES ('083845517-4','Memory','Punjabi',2014);
INSERT INTO ISBN_Info VALUES ('184722570-5','Ironclad','Kashmiri',2011);
INSERT INTO ISBN_Info VALUES ('653175736-1','Happy People A Year in the Taiga','Swedish',2012);
INSERT INTO ISBN_Info VALUES ('989371762-0','Convoy','German',2015);
INSERT INTO ISBN_Info VALUES ('521329516-9','Général Idi Amin Dada A Self Portrait (Général Idi Amin Dada Autoportrait)','English',2015);
INSERT INTO ISBN_Info VALUES ('087133062-8','Come Blow Your Horn','English',2013);
INSERT INTO ISBN_Info VALUES ('517581126-6','Carmen Comes Home (Karumen kokyo ni kaeru)','Hindi',2020);
INSERT INTO ISBN_Info VALUES ('023019395-1','Heroine','Dzongkha',2013);
INSERT INTO ISBN_Info VALUES ('441842932-8','Luna de Avellaneda','Guaraní',2018);
INSERT INTO ISBN_Info VALUES ('742437654-3','Under the Bridges (Unter den Brücken)','Swedish',2016);
INSERT INTO ISBN_Info VALUES ('760264513-8','Story of My Life The (Mensonges et trahisons et plus si affinités)','English',2012);
INSERT INTO ISBN_Info VALUES ('171208472-0','The Fourth War','English',2020);
INSERT INTO ISBN_Info VALUES ('009047587-9','Life of Another The (La vie d une autre)','English',2015);
INSERT INTO ISBN_Info VALUES ('372098427-3','Sergeant Rutledge','Arabic',2011);
INSERT INTO ISBN_Info VALUES ('449571196-2','Black Windmill The','English',2013);
INSERT INTO ISBN_Info VALUES ('362309208-8','Nicholas on Holiday','English',2018);
INSERT INTO ISBN_Info VALUES ('457456450-4','Beefcake','Aymara',2016);
INSERT INTO ISBN_Info VALUES ('369048652-1','Oliver Twist','Guaraní',2020);
INSERT INTO ISBN_Info VALUES ('190222315-2','Salvage','Belarusian',2014);
INSERT INTO ISBN_Info VALUES ('945660604-X','Cassandra Crossing The','Arabic',2016);
INSERT INTO ISBN_Info VALUES ('711604128-1','Crocodile Hunter Collision Course The','English',2014);
INSERT INTO ISBN_Info VALUES ('465297052-8','Abbott and Costello Meet the Killer Boris Karloff','English',2016);
INSERT INTO ISBN_Info VALUES ('836374770-X','Wolf Man The','Indonesian',2013);
INSERT INTO ISBN_Info VALUES ('509808775-9','Vehicle 19','English',2013);
INSERT INTO ISBN_Info VALUES ('595626866-2','Rollerball','Hungarian',2014);
INSERT INTO ISBN_Info VALUES ('168316748-1','Carbon Nation','Portuguese',2012);
INSERT INTO ISBN_Info VALUES ('744780754-0','Times Square','English',2020);
INSERT INTO ISBN_Info VALUES ('594275024-6','Memory Keeper s Daughter The','English',2012);
INSERT INTO ISBN_Info VALUES ('992229254-8','And Nobody Weeps for Me (Und keiner weint mir nach)','Italian',2017);
INSERT INTO ISBN_Info VALUES ('560211284-7','Tyler Perry s I Can Do Bad All by Myself','Italian',2018);
INSERT INTO ISBN_Info VALUES ('179592990-1','Day of the Triffids The','English',2011);
INSERT INTO ISBN_Info VALUES ('663119553-5','Deadline','Spanish',2015);
INSERT INTO ISBN_Info VALUES ('521847642-0','Holy Flying Circus','English',2016);
INSERT INTO ISBN_Info VALUES ('190401007-5','Mala Noche','Northern Sotho',2017);
INSERT INTO ISBN_Info VALUES ('288231977-0','Tracks','Icelandic',2010);
INSERT INTO ISBN_Info VALUES ('103300276-3','Sound of Music The','Khmer',2019);
INSERT INTO ISBN_Info VALUES ('671158165-2','Nick and Norah s Infinite Playlist','Czech',2019);
INSERT INTO ISBN_Info VALUES ('292051296-X','Purple Rose of Cairo The','Guaraní',2013);
INSERT INTO ISBN_Info VALUES ('000369692-8','Thief of Hearts','English',2016);
INSERT INTO ISBN_Info VALUES ('769740772-8','Hollywood Party','English',2018);
INSERT INTO ISBN_Info VALUES ('946684198-X','Absolute Power','Czech',2016);
INSERT INTO ISBN_Info VALUES ('264788349-1','In the Park','Haitian Creole',2018);
INSERT INTO ISBN_Info VALUES ('421128511-4','Life is to Whistle (Vida es silbar La)','English',2012);
INSERT INTO ISBN_Info VALUES ('843331705-9','Avengers The','Bengali',2012);
INSERT INTO ISBN_Info VALUES ('978061177-0','Kirikou and the Wild Beast (Kirikou et les bêtes sauvages)','Khmer',2010);
INSERT INTO ISBN_Info VALUES ('368515943-7','Love s Labour s Lost','Czech',2011);
INSERT INTO ISBN_Info VALUES ('075305079-X','Attack of the 50 Foot Woman','Danish',2010);
INSERT INTO ISBN_Info VALUES ('014330257-4','Longest Yard The','Georgian',2010);
INSERT INTO ISBN_Info VALUES ('331424241-7','PHP 7 development','Italian',2015);
INSERT INTO ISBN_Info VALUES ('436501926-0','Great Expectations','Catalan',2013);
INSERT INTO ISBN_Info VALUES ('222223087-X','Concrete Night (Betoniyö)','Irish Gaelic',2010);
INSERT INTO ISBN_Info VALUES ('385828979-5','Deep Impact','Bengali',2019);
INSERT INTO ISBN_Info VALUES ('516983356-3','Big Squeeze The','English',2014);
INSERT INTO ISBN_Info VALUES ('253760945-X','Red White & Blue','English',2016);
INSERT INTO ISBN_Info VALUES ('167947701-3','Saboteur','English',2014);
INSERT INTO ISBN_Info VALUES ('015674765-0','Children Are Watching Us The (Bambini ci guardano I)','English',2018);
INSERT INTO ISBN_Info VALUES ('391578830-9','Flight of the Living Dead','Kazakh',2014);
INSERT INTO ISBN_Info VALUES ('065646345-7','Phil Spector','Irish Gaelic',2020);
INSERT INTO ISBN_Info VALUES ('259418123-4','Inhale','English',2011);
INSERT INTO ISBN_Info VALUES ('756564271-1','Little Children','English',2014);
INSERT INTO ISBN_Info VALUES ('192373118-1','No Distance Left to Run','English',2019);
INSERT INTO ISBN_Info VALUES ('131544489-5','Addams Family The','English',2019);
INSERT INTO ISBN_Info VALUES ('872379238-8','From Above','English',2018);
INSERT INTO ISBN_Info VALUES ('216013488-0','Enemy','Arabic',2012);
INSERT INTO ISBN_Info VALUES ('259579784-0','Waydowntown','English',2018);
INSERT INTO ISBN_Info VALUES ('052706515-3','Dead Man Walking','English',2011);
INSERT INTO ISBN_Info VALUES ('526942871-7','Agent Vinod','Catalan',2017);
INSERT INTO ISBN_Info VALUES ('280992700-6','Young Cassidy','German',2018);
INSERT INTO ISBN_Info VALUES ('835266674-6','A Viking Saga The Darkest Day','Hindi',2012);
INSERT INTO ISBN_Info VALUES ('875127371-3','Million Ways to Die in the West A','Norwegian',2014);
INSERT INTO ISBN_Info VALUES ('256739345-5','High Spirits','Swedish',2016);
INSERT INTO ISBN_Info VALUES ('672560381-5','Day the Universe Changed The','Northern Sotho',2018);
INSERT INTO ISBN_Info VALUES ('144577227-2','Captain America The First Avenger','English',2020);
INSERT INTO ISBN_Info VALUES ('565659819-5','Strangers on a Train','Dutch',2014);
INSERT INTO ISBN_Info VALUES ('170243376-5','Buddy','English',2015);
INSERT INTO ISBN_Info VALUES ('009140312-X','Death Defying Acts','Dhivehi',2017);
INSERT INTO ISBN_Info VALUES ('333748888-9','History Boys The','Catalan',2017);
INSERT INTO ISBN_Info VALUES ('585173205-9','Battle Royale 2 Requiem (Batoru rowaiaru II Chinkonka)','English',2018);
INSERT INTO ISBN_Info VALUES ('006821799-4','Counterfeiters The (Die Fälscher)','Estonian',2018);
INSERT INTO ISBN_Info VALUES ('376459959-6','Svidd Neger','English',2018);
INSERT INTO ISBN_Info VALUES ('404884623-X','Altman','Czech',2010);
INSERT INTO ISBN_Info VALUES ('335294364-8','Incredibly Strange Creatures Who Stopped Living and Became Mixed-Up Zombies!!? The','Italian',2018);
INSERT INTO ISBN_Info VALUES ('060088686-7','Mondays in the Sun (Lunes al sol Los)','English',2019);
INSERT INTO ISBN_Info VALUES ('829509196-4','Shaka Zulu The Citadel','Swedish',2014);
INSERT INTO ISBN_Info VALUES ('947990234-6','Peculiarities of the National Hunt (Osobennosti natsionalnoy okhoty) ','English',2019);
INSERT INTO ISBN_Info VALUES ('966859767-2','Sting II The','English',2020);
INSERT INTO ISBN_Info VALUES ('554021569-9','Renaissance','English',2018);
INSERT INTO ISBN_Info VALUES ('343838580-5','Jubilee','English',2015);
INSERT INTO ISBN_Info VALUES ('405663612-5','Open Windows','English',2015);
INSERT INTO ISBN_Info VALUES ('356414253-3','Elizabeth','English',2012);
INSERT INTO ISBN_Info VALUES ('421308038-2','LA Without a Map','English',2014);
INSERT INTO ISBN_Info VALUES ('022938411-0','Almanya - Welcome to Germany (Almanya - Willkommen in Deutschland)','Guaraní',2014);
INSERT INTO ISBN_Info VALUES ('687448355-2','City Hall','English',2019);
INSERT INTO ISBN_Info VALUES ('768148078-1','Kleines Arschloch - Der Film','Korean',2017);
INSERT INTO ISBN_Info VALUES ('347737564-5','Last Ride','Haitian Creole',2019);
INSERT INTO ISBN_Info VALUES ('659332931-2','Starflight The Plane That Couldn t Land','Italian',2016);
INSERT INTO ISBN_Info VALUES ('740153355-3','Fundamentals of Database Systems','Italian',2019);
INSERT INTO ISBN_Info VALUES ('469863297-8','Raisin in the Sun A','Punjabi',2015);
INSERT INTO ISBN_Info VALUES ('366292343-2','Boys of St Vincent The','English',2013);
INSERT INTO ISBN_Info VALUES ('600597433-5','Wall Street','English',2020);
INSERT INTO ISBN_Info VALUES ('371268896-2','19th Wife The','Belarusian',2016);
INSERT INTO ISBN_Info VALUES ('271280652-2','Shuttle','English',2017);
INSERT INTO ISBN_Info VALUES ('093035174-6','Doc Savage The Man of Bronze','English',2015);
INSERT INTO ISBN_Info VALUES ('394873350-3','Family Life','English',2014);
INSERT INTO ISBN_Info VALUES ('136320382-7','Mon oncle d Amérique','English',2017);
INSERT INTO ISBN_Info VALUES ('132261731-7','The Dark Horse','Guaraní',2018);
INSERT INTO ISBN_Info VALUES ('685607790-4','My Bloody Valentine','Danish',2014);
INSERT INTO ISBN_Info VALUES ('127368309-9','Breakdown','Chinese',2011);
INSERT INTO ISBN_Info VALUES ('542931356-4','From the Life of the Marionettes (Aus dem Leben der Marionetten) ','Italian',2015);
INSERT INTO ISBN_Info VALUES ('816886703-3','Split Second','Italian',2012);
INSERT INTO ISBN_Info VALUES ('657583349-7','Knack and How to Get It The','English',2015);



INSERT INTO Libro VALUES (1,'387623794-7',2);
INSERT INTO Libro VALUES (2,'346481000-3',9);
INSERT INTO Libro VALUES (3,'068254989-4',8);
INSERT INTO Libro VALUES (4,'502714957-3',5);
INSERT INTO Libro VALUES (5,'698429931-4',3);
INSERT INTO Libro VALUES (6,'752213396-3',6);
INSERT INTO Libro VALUES (7,'857627191-5',9);
INSERT INTO Libro VALUES (8,'660038142-6',2);
INSERT INTO Libro VALUES (9,'870560200-9',1);
INSERT INTO Libro VALUES (10,'137066182-7',1);
INSERT INTO Libro VALUES (11,'863050834-5',8);
INSERT INTO Libro VALUES (12,'998941371-1',5);
INSERT INTO Libro VALUES (13,'368968937-6',4);
INSERT INTO Libro VALUES (14,'653073623-9',9);
INSERT INTO Libro VALUES (15,'867778553-1',2);
INSERT INTO Libro VALUES (16,'389625239-9',7);
INSERT INTO Libro VALUES (17,'204897847-9',1);
INSERT INTO Libro VALUES (18,'772713523-2',6);
INSERT INTO Libro VALUES (19,'255439894-1',6);
INSERT INTO Libro VALUES (20,'004023598-X',4);
INSERT INTO Libro VALUES (21,'661872594-1',3);
INSERT INTO Libro VALUES (22,'666013383-6',10);
INSERT INTO Libro VALUES (23,'165632171-8',2);
INSERT INTO Libro VALUES (24,'425111017-X',8);
INSERT INTO Libro VALUES (25,'507124152-8',2);
INSERT INTO Libro VALUES (26,'435456826-8',9);
INSERT INTO Libro VALUES (27,'851106761-2',3);
INSERT INTO Libro VALUES (28,'301170811-8',3);
INSERT INTO Libro VALUES (29,'214940353-6',3);
INSERT INTO Libro VALUES (30,'351898785-2',10);
INSERT INTO Libro VALUES (31,'887526619-0',6);
INSERT INTO Libro VALUES (32,'618325112-7',5);
INSERT INTO Libro VALUES (33,'670271351-7',1);
INSERT INTO Libro VALUES (34,'814543114-X',3);
INSERT INTO Libro VALUES (35,'601546113-6',9);
INSERT INTO Libro VALUES (36,'501862280-6',9);
INSERT INTO Libro VALUES (37,'050916783-7',3);
INSERT INTO Libro VALUES (38,'265972215-3',8);
INSERT INTO Libro VALUES (39,'848202184-2',3);
INSERT INTO Libro VALUES (40,'927994979-9',8);
INSERT INTO Libro VALUES (41,'296111646-5',3);
INSERT INTO Libro VALUES (42,'829914597-X',9);
INSERT INTO Libro VALUES (43,'786395256-5',7);
INSERT INTO Libro VALUES (44,'970334328-7',9);
INSERT INTO Libro VALUES (45,'086031288-7',9);
INSERT INTO Libro VALUES (46,'763200529-3',3);
INSERT INTO Libro VALUES (47,'510453377-8',5);
INSERT INTO Libro VALUES (48,'290005808-2',4);
INSERT INTO Libro VALUES (49,'085745713-6',7);
INSERT INTO Libro VALUES (50,'364615054-8',2);
INSERT INTO Libro VALUES (51,'775940054-3',10);
INSERT INTO Libro VALUES (52,'925812482-0',2);
INSERT INTO Libro VALUES (53,'584224789-5',10);
INSERT INTO Libro VALUES (54,'354835830-6',4);
INSERT INTO Libro VALUES (55,'285192251-3',2);
INSERT INTO Libro VALUES (56,'386397507-3',1);
INSERT INTO Libro VALUES (57,'733508116-5',9);
INSERT INTO Libro VALUES (58,'801081738-4',7);
INSERT INTO Libro VALUES (59,'560797299-2',1);
INSERT INTO Libro VALUES (60,'492112694-1',6);
INSERT INTO Libro VALUES (61,'182342356-6',4);
INSERT INTO Libro VALUES (62,'299282269-8',5);
INSERT INTO Libro VALUES (63,'055417113-9',9);
INSERT INTO Libro VALUES (64,'101215590-0',8);
INSERT INTO Libro VALUES (65,'951964371-0',2);
INSERT INTO Libro VALUES (66,'469785019-X',6);
INSERT INTO Libro VALUES (67,'368990830-2',1);
INSERT INTO Libro VALUES (68,'300485539-9',10);
INSERT INTO Libro VALUES (69,'976860084-5',8);
INSERT INTO Libro VALUES (70,'147191251-5',4);
INSERT INTO Libro VALUES (71,'076691563-8',3);
INSERT INTO Libro VALUES (72,'860964250-X',10);
INSERT INTO Libro VALUES (73,'384050463-5',8);
INSERT INTO Libro VALUES (74,'158999545-7',6);
INSERT INTO Libro VALUES (75,'136964378-0',5);
INSERT INTO Libro VALUES (76,'194862546-6',4);
INSERT INTO Libro VALUES (77,'129488690-8',3);
INSERT INTO Libro VALUES (78,'432587582-4',5);
INSERT INTO Libro VALUES (79,'515279116-1',9);
INSERT INTO Libro VALUES (80,'825867311-4',2);
INSERT INTO Libro VALUES (81,'712463375-3',1);
INSERT INTO Libro VALUES (82,'536751983-0',1);
INSERT INTO Libro VALUES (83,'284203566-6',5);
INSERT INTO Libro VALUES (84,'175205668-X',1);
INSERT INTO Libro VALUES (85,'672217513-8',10);
INSERT INTO Libro VALUES (86,'607745120-7',1);
INSERT INTO Libro VALUES (87,'611928800-7',7);
INSERT INTO Libro VALUES (88,'226372696-9',1);
INSERT INTO Libro VALUES (89,'083845517-4',5);
INSERT INTO Libro VALUES (90,'184722570-5',9);
INSERT INTO Libro VALUES (91,'653175736-1',8);
INSERT INTO Libro VALUES (92,'989371762-0',6);
INSERT INTO Libro VALUES (93,'521329516-9',9);
INSERT INTO Libro VALUES (94,'087133062-8',6);
INSERT INTO Libro VALUES (95,'517581126-6',2);
INSERT INTO Libro VALUES (96,'023019395-1',7);
INSERT INTO Libro VALUES (97,'441842932-8',5);
INSERT INTO Libro VALUES (98,'742437654-3',9);
INSERT INTO Libro VALUES (99,'760264513-8',8);
INSERT INTO Libro VALUES (100,'171208472-0',4);
INSERT INTO Libro VALUES (101,'009047587-9',5);
INSERT INTO Libro VALUES (102,'372098427-3',9);
INSERT INTO Libro VALUES (103,'449571196-2',6);
INSERT INTO Libro VALUES (104,'362309208-8',4);
INSERT INTO Libro VALUES (105,'457456450-4',1);
INSERT INTO Libro VALUES (106,'369048652-1',1);
INSERT INTO Libro VALUES (107,'190222315-2',9);
INSERT INTO Libro VALUES (108,'945660604-X',10);
INSERT INTO Libro VALUES (109,'711604128-1',10);
INSERT INTO Libro VALUES (110,'465297052-8',9);
INSERT INTO Libro VALUES (111,'836374770-X',8);
INSERT INTO Libro VALUES (112,'509808775-9',2);
INSERT INTO Libro VALUES (113,'595626866-2',7);
INSERT INTO Libro VALUES (114,'168316748-1',7);
INSERT INTO Libro VALUES (115,'744780754-0',7);
INSERT INTO Libro VALUES (116,'594275024-6',5);
INSERT INTO Libro VALUES (117,'992229254-8',4);
INSERT INTO Libro VALUES (118,'560211284-7',7);
INSERT INTO Libro VALUES (119,'179592990-1',8);
INSERT INTO Libro VALUES (120,'663119553-5',7);
INSERT INTO Libro VALUES (121,'521847642-0',9);
INSERT INTO Libro VALUES (122,'190401007-5',8);
INSERT INTO Libro VALUES (123,'288231977-0',8);
INSERT INTO Libro VALUES (124,'103300276-3',4);
INSERT INTO Libro VALUES (125,'671158165-2',6);
INSERT INTO Libro VALUES (126,'292051296-X',3);
INSERT INTO Libro VALUES (127,'000369692-8',10);
INSERT INTO Libro VALUES (128,'769740772-8',7);
INSERT INTO Libro VALUES (129,'946684198-X',1);
INSERT INTO Libro VALUES (130,'264788349-1',9);
INSERT INTO Libro VALUES (131,'421128511-4',7);
INSERT INTO Libro VALUES (132,'843331705-9',1);
INSERT INTO Libro VALUES (133,'978061177-0',7);
INSERT INTO Libro VALUES (134,'368515943-7',9);
INSERT INTO Libro VALUES (135,'075305079-X',2);
INSERT INTO Libro VALUES (136,'014330257-4',6);
INSERT INTO Libro VALUES (137,'331424241-7',3);
INSERT INTO Libro VALUES (138,'436501926-0',1);
INSERT INTO Libro VALUES (139,'222223087-X',5);
INSERT INTO Libro VALUES (140,'385828979-5',8);
INSERT INTO Libro VALUES (141,'516983356-3',10);
INSERT INTO Libro VALUES (142,'253760945-X',4);
INSERT INTO Libro VALUES (143,'167947701-3',1);
INSERT INTO Libro VALUES (144,'015674765-0',4);
INSERT INTO Libro VALUES (145,'391578830-9',8);
INSERT INTO Libro VALUES (146,'065646345-7',3);
INSERT INTO Libro VALUES (147,'259418123-4',9);
INSERT INTO Libro VALUES (148,'756564271-1',10);
INSERT INTO Libro VALUES (149,'192373118-1',6);
INSERT INTO Libro VALUES (150,'131544489-5',4);
INSERT INTO Libro VALUES (151,'872379238-8',1);
INSERT INTO Libro VALUES (152,'216013488-0',2);
INSERT INTO Libro VALUES (153,'259579784-0',7);
INSERT INTO Libro VALUES (154,'052706515-3',8);
INSERT INTO Libro VALUES (155,'526942871-7',4);
INSERT INTO Libro VALUES (156,'280992700-6',4);
INSERT INTO Libro VALUES (157,'835266674-6',7);
INSERT INTO Libro VALUES (158,'875127371-3',10);
INSERT INTO Libro VALUES (159,'256739345-5',8);
INSERT INTO Libro VALUES (160,'672560381-5',4);
INSERT INTO Libro VALUES (161,'144577227-2',8);
INSERT INTO Libro VALUES (162,'565659819-5',1);
INSERT INTO Libro VALUES (163,'170243376-5',10);
INSERT INTO Libro VALUES (164,'009140312-X',3);
INSERT INTO Libro VALUES (165,'333748888-9',2);
INSERT INTO Libro VALUES (166,'585173205-9',2);
INSERT INTO Libro VALUES (167,'006821799-4',9);
INSERT INTO Libro VALUES (168,'376459959-6',2);
INSERT INTO Libro VALUES (169,'404884623-X',4);
INSERT INTO Libro VALUES (170,'335294364-8',6);
INSERT INTO Libro VALUES (171,'060088686-7',9);
INSERT INTO Libro VALUES (172,'829509196-4',10);
INSERT INTO Libro VALUES (173,'947990234-6',2);
INSERT INTO Libro VALUES (174,'966859767-2',9);
INSERT INTO Libro VALUES (175,'554021569-9',7);
INSERT INTO Libro VALUES (176,'343838580-5',5);
INSERT INTO Libro VALUES (177,'405663612-5',2);
INSERT INTO Libro VALUES (178,'356414253-3',10);
INSERT INTO Libro VALUES (179,'421308038-2',1);
INSERT INTO Libro VALUES (180,'022938411-0',7);
INSERT INTO Libro VALUES (181,'687448355-2',8);
INSERT INTO Libro VALUES (182,'768148078-1',7);
INSERT INTO Libro VALUES (183,'347737564-5',6);
INSERT INTO Libro VALUES (184,'659332931-2',9);
INSERT INTO Libro VALUES (185,'740153355-3',2);
INSERT INTO Libro VALUES (186,'469863297-8',5);
INSERT INTO Libro VALUES (187,'366292343-2',1);
INSERT INTO Libro VALUES (188,'600597433-5',7);
INSERT INTO Libro VALUES (189,'371268896-2',5);
INSERT INTO Libro VALUES (190,'271280652-2',4);
INSERT INTO Libro VALUES (191,'093035174-6',3);
INSERT INTO Libro VALUES (192,'394873350-3',3);
INSERT INTO Libro VALUES (193,'136320382-7',6);
INSERT INTO Libro VALUES (194,'132261731-7',3);
INSERT INTO Libro VALUES (195,'685607790-4',8);
INSERT INTO Libro VALUES (196,'127368309-9',8);
INSERT INTO Libro VALUES (197,'542931356-4',5);
INSERT INTO Libro VALUES (198,'816886703-3',4);
INSERT INTO Libro VALUES (199,'657583349-7',1);



INSERT INTO Autore VALUES (1,'Fiorenze','Deluca',DATE('1984-07-22'),'Lawrence');
INSERT INTO Autore VALUES (2,'Alessandro','Oldam',DATE('1972-07-09'),'New York');
INSERT INTO Autore VALUES (3,'Adamo','Ligoe',DATE('1971-03-26'),'New York');
INSERT INTO Autore VALUES (4,'Bryanty','Froud',DATE('1970-10-30'),'London');
INSERT INTO Autore VALUES (5,'Lewes','Salsberg',DATE('1988-05-18'),'Cumberland');
INSERT INTO Autore VALUES (6,'Quincey','Franke',DATE('1964-10-12'),'Bloomington');
INSERT INTO Autore VALUES (7,'Inesita','Dallender',DATE('1982-04-05'),'New York');
INSERT INTO Autore VALUES (8,'Raquel','Semered',DATE('1972-03-21'),'Bloomington');
INSERT INTO Autore VALUES (9,'Kerri','Adiscot',DATE('1980-06-28'),'Cumberland');
INSERT INTO Autore VALUES (10,'Barr','Labbet',DATE('1967-07-06'),'Lawrence');
INSERT INTO Autore VALUES (11,'Godwin','Lebbern',DATE('1983-11-16'),'San Diego');
INSERT INTO Autore VALUES (12,'Ange','Symcox',DATE('1977-07-01'),'Paris');
INSERT INTO Autore VALUES (13,'Marja','Rosedale',DATE('1989-03-25'),'New York');
INSERT INTO Autore VALUES (14,'Pincas','Paulisch',DATE('1973-12-24'),'Berlino');
INSERT INTO Autore VALUES (15,'Ami','Adamo',DATE('1978-08-10'),'Lawrence');
INSERT INTO Autore VALUES (16,'Sansone','Jansen',DATE('1968-05-12'),'Lawrence');
INSERT INTO Autore VALUES (17,'Brynn','Semor',DATE('1986-05-09'),'Oslo');
INSERT INTO Autore VALUES (18,'Merrick','Harbron',DATE('1959-11-09'),'Pleasantville');
INSERT INTO Autore VALUES (19,'Petunia','Breznovic',DATE('1981-02-19'),'Prague');
INSERT INTO Autore VALUES (20,'Enrico','Zimuel',DATE('1972-04-11'),'Milan');
INSERT INTO Autore VALUES (21,'Luciano','Gamberini',DATE('1979-11-08'),'Rome');
INSERT INTO Autore VALUES (22,'Erny','Wrixon',DATE('1967-02-25'),'Nashville');
INSERT INTO Autore VALUES (23,'Corri','Gavrieli',DATE('1974-06-30'),'London');
INSERT INTO Autore VALUES (24,'Jefferson','Dewire',DATE('1971-02-16'),'Cardiff');
INSERT INTO Autore VALUES (25,'Lavena','Capey',DATE('1972-02-17'),'Cumberland');
INSERT INTO Autore VALUES (26,'Hastings','Sweetman',DATE('1978-08-13'),'Los Angeles');
INSERT INTO Autore VALUES (27,'Cointon','Stranaghan',DATE('1963-12-30'),'New York');
INSERT INTO Autore VALUES (28,'Fanchon','Bish',DATE('1987-08-27'),'New York');
INSERT INTO Autore VALUES (29,'Ramez','Elmasri',DATE('1970-02-16'),'Oxford');
INSERT INTO Autore VALUES (30,'Shamkant','Navathe',DATE('1962-11-24'),'London');
INSERT INTO Autore VALUES (31,'Sella','Marriage',DATE('1988-12-01'),'Madison');
INSERT INTO Autore VALUES (32,'Zilvia','Silver',DATE('1958-04-25'),'Nashville');
INSERT INTO Autore VALUES (33,'Marnie','Spinke',DATE('1987-09-07'),'Los Angeles');
INSERT INTO Autore VALUES (34,'Cecile','Follacaro',DATE('1986-01-08'),'New York');
INSERT INTO Autore VALUES (35,'Theo','McLauchlin',DATE('1961-03-01'),'Cardiff');
INSERT INTO Autore VALUES (36,'Junia','Everal',DATE('1973-11-09'),'Los Angeles');
INSERT INTO Autore VALUES (37,'Lu','Jenne',DATE('1977-01-11'),'Seul');
INSERT INTO Autore VALUES (38,'Giustina','Jezzard',DATE('1969-02-04'),'Pleasantville');
INSERT INTO Autore VALUES (39,'Breanne','Weben',DATE('1989-11-13'),'London');
INSERT INTO Autore VALUES (40,'Bartolemo','Chadwin',DATE('1969-07-22'),'Pleasantville');
INSERT INTO Autore VALUES (41,'Jon','Duckett',DATE('1978-08-16'),'Los Angeles');
INSERT INTO Autore VALUES (42,'Betti','Benz',DATE('1977-08-05'),'Berlino');
INSERT INTO Autore VALUES (43,'Cristian','Pes',DATE('1981-09-10'),'New York');
INSERT INTO Autore VALUES (44,'Jermaine','Van Velde',DATE('1979-04-23'),'Los Angeles');
INSERT INTO Autore VALUES (45,'Perrine','Blagden',DATE('1984-01-04'),'Washington');
INSERT INTO Autore VALUES (46,'Bruno','Goodsall',DATE('1963-04-27'),'London');
INSERT INTO Autore VALUES (47,'Hirsch','Legging',DATE('1961-12-19'),'Oxford');
INSERT INTO Autore VALUES (48,'Walker','Dumberell',DATE('1965-12-30'),'London');
INSERT INTO Autore VALUES (49,'Shelbi','Wheelton',DATE('1987-09-12'),'Los Angeles');
INSERT INTO Autore VALUES (50,'Reta','Philippsohn',DATE('1966-10-08'),'Washington');
INSERT INTO Autore VALUES (51,'Harlene','Tartt',DATE('1984-09-20'),'New York');
INSERT INTO Autore VALUES (52,'Jodee','Westwick',DATE('1968-01-23'),'Liverpool');
INSERT INTO Autore VALUES (53,'Margaretha','Aysik',DATE('1973-03-18'),'Washington');
INSERT INTO Autore VALUES (54,'Merna','Lambal',DATE('1969-09-30'),'London');
INSERT INTO Autore VALUES (55,'Vitia','Douch',DATE('1977-08-20'),'London');
INSERT INTO Autore VALUES (56,'Chelsea','Nannetti',DATE('1973-04-14'),'San Diego');
INSERT INTO Autore VALUES (57,'Gwyneth','Tinsley',DATE('1986-05-12'),'Los Angeles');
INSERT INTO Autore VALUES (58,'Jacquenette','Snookes',DATE('1973-08-07'),'Lawrence');
INSERT INTO Autore VALUES (59,'Yancey','Sacher',DATE('1961-04-17'),'Lawrence');
INSERT INTO Autore VALUES (60,'Sim','Frondt',DATE('1967-05-20'),'Bloomington');
INSERT INTO Autore VALUES (61,'Abey','Crowest',DATE('1965-07-20'),'New York');
INSERT INTO Autore VALUES (62,'Ileane','Spurriar',DATE('1969-09-03'),'Los Angeles');
INSERT INTO Autore VALUES (63,'Andrej','Von Der Empten',DATE('1989-12-17'),'Amsterdam');
INSERT INTO Autore VALUES (64,'Beverlee','Jepensen',DATE('1976-12-17'),'Cumberland');
INSERT INTO Autore VALUES (65,'Maible','Twidale',DATE('1963-01-29'),'Bloomington');
INSERT INTO Autore VALUES (66,'Cal','Inkin',DATE('1969-11-22'),'Oxford');
INSERT INTO Autore VALUES (67,'Karie','Bendixen',DATE('1969-12-29'),'Amsterdam');
INSERT INTO Autore VALUES (68,'Jasen','Itter',DATE('1967-12-24'),'Madison');
INSERT INTO Autore VALUES (69,'Peri','Maher',DATE('1967-04-08'),'Wilpen');
INSERT INTO Autore VALUES (70,'Burk','Torr',DATE('1984-08-01'),'Bloomington');
INSERT INTO Autore VALUES (71,'Farrah','Letham',DATE('1962-07-15'),'Oxford');
INSERT INTO Autore VALUES (72,'Sandro','Wilcher',DATE('1990-09-25'),'Nashville');
INSERT INTO Autore VALUES (73,'Roxy','Burnage',DATE('1955-04-13'),'Oxford');
INSERT INTO Autore VALUES (74,'Boycie','Shorey',DATE('1989-11-20'),'Amsterdam');
INSERT INTO Autore VALUES (75,'Nicki','Pharrow',DATE('1984-09-16'),'Los Angeles');
INSERT INTO Autore VALUES (76,'Xylia','Bendle',DATE('1975-01-01'),'Cumberland');
INSERT INTO Autore VALUES (77,'Ursula','Lockitt',DATE('1967-12-14'),'Liverpool');
INSERT INTO Autore VALUES (78,'Hannah','Bachnic',DATE('1956-06-22'),'Madison');
INSERT INTO Autore VALUES (79,'Gabriella','Orum',DATE('1958-11-21'),'Madison');
INSERT INTO Autore VALUES (80,'Gregorius','McPhater',DATE('1976-12-04'),'Pleasantville');
INSERT INTO Autore VALUES (81,'Hortense','Whatson',DATE('1978-08-25'),'Washington');
INSERT INTO Autore VALUES (82,'Gil','Lettington',DATE('1974-08-11'),'Los Angeles');
INSERT INTO Autore VALUES (83,'Briant','Anespie',DATE('1989-01-01'),'Los Angeles');
INSERT INTO Autore VALUES (84,'Angil','Beckson',DATE('1956-05-01'),'Oxford');
INSERT INTO Autore VALUES (85,'Giffer','Leisman',DATE('1959-05-25'),'Los Angeles');
INSERT INTO Autore VALUES (86,'Mirelle','Hehnke',DATE('1968-06-25'),'Los Angeles');
INSERT INTO Autore VALUES (87,'Eva','Elcum',DATE('1956-02-20'),'Pleasantville');
INSERT INTO Autore VALUES (88,'Margaretta','Pardal',DATE('1970-03-08'),'New York');
INSERT INTO Autore VALUES (89,'Merissa','Senechault',DATE('1956-02-02'),'New York');
INSERT INTO Autore VALUES (90,'Leroy','Vasiltsov',DATE('1976-10-13'),'San Diego');
INSERT INTO Autore VALUES (91,'Gertrudis','Corzon',DATE('1983-06-21'),'Oxford');
INSERT INTO Autore VALUES (92,'Rubie','Delgua',DATE('1970-06-03'),'Los Angeles');
INSERT INTO Autore VALUES (93,'Ludvig','Callf',DATE('1971-06-05'),'London');
INSERT INTO Autore VALUES (94,'Emiline','Greenhough',DATE('1982-04-11'),'Madison');
INSERT INTO Autore VALUES (95,'Booth','Belvard',DATE('1959-10-11'),'London');
INSERT INTO Autore VALUES (96,'Russ','Leander',DATE('1959-11-16'),'Oxford');
INSERT INTO Autore VALUES (97,'Branden','Huffer',DATE('1955-01-03'),'Bloomington');
INSERT INTO Autore VALUES (98,'De','Wackly',DATE('1989-09-17'),'Bloomington');
INSERT INTO Autore VALUES (99,'Alejandrina','Bardell',DATE('1962-10-25'),'Wilpen');
INSERT INTO Autore VALUES (100,'Isacco','McSherry',DATE('1976-04-17'),'Edimburg');


INSERT INTO Scritto_Da VALUES (1,1,89);
INSERT INTO Scritto_Da VALUES (2,1,76);
INSERT INTO Scritto_Da VALUES (3,1,52);
INSERT INTO Scritto_Da VALUES (4,2,29);
INSERT INTO Scritto_Da VALUES (5,3,33);
INSERT INTO Scritto_Da VALUES (6,3,84);
INSERT INTO Scritto_Da VALUES (7,4,23);
INSERT INTO Scritto_Da VALUES (8,4,5);
INSERT INTO Scritto_Da VALUES (9,4,9);
INSERT INTO Scritto_Da VALUES (10,5,80);
INSERT INTO Scritto_Da VALUES (11,5,88);
INSERT INTO Scritto_Da VALUES (12,5,65);
INSERT INTO Scritto_Da VALUES (13,5,98);
INSERT INTO Scritto_Da VALUES (14,6,52);
INSERT INTO Scritto_Da VALUES (15,6,47);
INSERT INTO Scritto_Da VALUES (16,6,26);
INSERT INTO Scritto_Da VALUES (17,7,25);
INSERT INTO Scritto_Da VALUES (18,7,90);
INSERT INTO Scritto_Da VALUES (19,7,54);
INSERT INTO Scritto_Da VALUES (20,7,11);
INSERT INTO Scritto_Da VALUES (21,8,58);
INSERT INTO Scritto_Da VALUES (22,9,80);
INSERT INTO Scritto_Da VALUES (23,10,12);
INSERT INTO Scritto_Da VALUES (24,11,77);
INSERT INTO Scritto_Da VALUES (25,11,18);
INSERT INTO Scritto_Da VALUES (26,11,90);
INSERT INTO Scritto_Da VALUES (27,12,80);
INSERT INTO Scritto_Da VALUES (28,13,72);
INSERT INTO Scritto_Da VALUES (29,13,75);
INSERT INTO Scritto_Da VALUES (30,13,93);
INSERT INTO Scritto_Da VALUES (31,13,63);
INSERT INTO Scritto_Da VALUES (32,14,19);
INSERT INTO Scritto_Da VALUES (33,15,30);
INSERT INTO Scritto_Da VALUES (34,15,67);
INSERT INTO Scritto_Da VALUES (35,16,40);
INSERT INTO Scritto_Da VALUES (36,19,95);
INSERT INTO Scritto_Da VALUES (37,19,83);
INSERT INTO Scritto_Da VALUES (38,20,40);
INSERT INTO Scritto_Da VALUES (39,20,56);
INSERT INTO Scritto_Da VALUES (40,20,11);
INSERT INTO Scritto_Da VALUES (41,20,76);
INSERT INTO Scritto_Da VALUES (42,21,57);
INSERT INTO Scritto_Da VALUES (43,21,93);
INSERT INTO Scritto_Da VALUES (44,22,72);
INSERT INTO Scritto_Da VALUES (45,22,47);
INSERT INTO Scritto_Da VALUES (46,22,17);
INSERT INTO Scritto_Da VALUES (47,22,76);
INSERT INTO Scritto_Da VALUES (48,22,67);
INSERT INTO Scritto_Da VALUES (49,22,93);
INSERT INTO Scritto_Da VALUES (50,22,69);
INSERT INTO Scritto_Da VALUES (51,23,43);
INSERT INTO Scritto_Da VALUES (52,24,76);
INSERT INTO Scritto_Da VALUES (53,24,44);
INSERT INTO Scritto_Da VALUES (54,24,28);
INSERT INTO Scritto_Da VALUES (55,25,26);
INSERT INTO Scritto_Da VALUES (56,25,11);
INSERT INTO Scritto_Da VALUES (57,25,5);
INSERT INTO Scritto_Da VALUES (58,25,68);
INSERT INTO Scritto_Da VALUES (59,25,42);
INSERT INTO Scritto_Da VALUES (60,25,73);
INSERT INTO Scritto_Da VALUES (61,26,45);
INSERT INTO Scritto_Da VALUES (62,26,1);
INSERT INTO Scritto_Da VALUES (63,27,43);
INSERT INTO Scritto_Da VALUES (64,27,60);
INSERT INTO Scritto_Da VALUES (65,27,36);
INSERT INTO Scritto_Da VALUES (66,28,84);
INSERT INTO Scritto_Da VALUES (67,28,75);
INSERT INTO Scritto_Da VALUES (68,29,32);
INSERT INTO Scritto_Da VALUES (69,29,66);
INSERT INTO Scritto_Da VALUES (70,30,71);
INSERT INTO Scritto_Da VALUES (71,30,82);
INSERT INTO Scritto_Da VALUES (72,31,80);
INSERT INTO Scritto_Da VALUES (73,31,4);
INSERT INTO Scritto_Da VALUES (74,31,77);
INSERT INTO Scritto_Da VALUES (75,31,39);
INSERT INTO Scritto_Da VALUES (76,31,8);
INSERT INTO Scritto_Da VALUES (77,34,68);
INSERT INTO Scritto_Da VALUES (78,34,3);
INSERT INTO Scritto_Da VALUES (79,35,90);
INSERT INTO Scritto_Da VALUES (80,35,49);
INSERT INTO Scritto_Da VALUES (81,36,29);
INSERT INTO Scritto_Da VALUES (82,37,51);
INSERT INTO Scritto_Da VALUES (83,37,53);
INSERT INTO Scritto_Da VALUES (84,38,22);
INSERT INTO Scritto_Da VALUES (85,38,45);
INSERT INTO Scritto_Da VALUES (86,40,28);
INSERT INTO Scritto_Da VALUES (87,40,10);
INSERT INTO Scritto_Da VALUES (88,41,85);
INSERT INTO Scritto_Da VALUES (89,41,38);
INSERT INTO Scritto_Da VALUES (90,41,24);
INSERT INTO Scritto_Da VALUES (91,41,20);
INSERT INTO Scritto_Da VALUES (92,41,58);
INSERT INTO Scritto_Da VALUES (93,42,84);
INSERT INTO Scritto_Da VALUES (94,42,5);
INSERT INTO Scritto_Da VALUES (95,42,99);
INSERT INTO Scritto_Da VALUES (96,43,24);
INSERT INTO Scritto_Da VALUES (97,43,34);
INSERT INTO Scritto_Da VALUES (98,43,18);
INSERT INTO Scritto_Da VALUES (99,44,86);
INSERT INTO Scritto_Da VALUES (100,44,37);
INSERT INTO Scritto_Da VALUES (101,44,86);
INSERT INTO Scritto_Da VALUES (102,44,62);
INSERT INTO Scritto_Da VALUES (103,44,22);
INSERT INTO Scritto_Da VALUES (104,44,57);
INSERT INTO Scritto_Da VALUES (105,44,40);
INSERT INTO Scritto_Da VALUES (106,45,3);
INSERT INTO Scritto_Da VALUES (107,45,64);
INSERT INTO Scritto_Da VALUES (108,47,91);
INSERT INTO Scritto_Da VALUES (109,47,71);
INSERT INTO Scritto_Da VALUES (110,47,94);
INSERT INTO Scritto_Da VALUES (111,48,83);
INSERT INTO Scritto_Da VALUES (112,49,9);
INSERT INTO Scritto_Da VALUES (113,50,19);
INSERT INTO Scritto_Da VALUES (114,50,24);
INSERT INTO Scritto_Da VALUES (115,50,4);
INSERT INTO Scritto_Da VALUES (116,51,32);
INSERT INTO Scritto_Da VALUES (117,51,18);
INSERT INTO Scritto_Da VALUES (118,52,57);
INSERT INTO Scritto_Da VALUES (119,52,38);
INSERT INTO Scritto_Da VALUES (120,52,63);
INSERT INTO Scritto_Da VALUES (121,52,96);
INSERT INTO Scritto_Da VALUES (122,52,25);
INSERT INTO Scritto_Da VALUES (123,52,49);
INSERT INTO Scritto_Da VALUES (124,53,20);
INSERT INTO Scritto_Da VALUES (125,53,53);
INSERT INTO Scritto_Da VALUES (126,53,61);
INSERT INTO Scritto_Da VALUES (127,53,43);
INSERT INTO Scritto_Da VALUES (128,56,47);
INSERT INTO Scritto_Da VALUES (129,56,54);
INSERT INTO Scritto_Da VALUES (130,56,81);
INSERT INTO Scritto_Da VALUES (131,56,66);
INSERT INTO Scritto_Da VALUES (132,57,14);
INSERT INTO Scritto_Da VALUES (133,58,79);
INSERT INTO Scritto_Da VALUES (134,58,97);
INSERT INTO Scritto_Da VALUES (135,59,50);
INSERT INTO Scritto_Da VALUES (136,60,35);
INSERT INTO Scritto_Da VALUES (137,60,52);
INSERT INTO Scritto_Da VALUES (138,60,26);
INSERT INTO Scritto_Da VALUES (139,61,32);
INSERT INTO Scritto_Da VALUES (140,61,51);
INSERT INTO Scritto_Da VALUES (141,61,25);
INSERT INTO Scritto_Da VALUES (142,61,35);
INSERT INTO Scritto_Da VALUES (143,62,60);
INSERT INTO Scritto_Da VALUES (144,62,53);
INSERT INTO Scritto_Da VALUES (145,62,31);
INSERT INTO Scritto_Da VALUES (146,62,79);
INSERT INTO Scritto_Da VALUES (147,63,8);
INSERT INTO Scritto_Da VALUES (148,63,11);
INSERT INTO Scritto_Da VALUES (149,64,88);
INSERT INTO Scritto_Da VALUES (150,64,49);
INSERT INTO Scritto_Da VALUES (151,64,20);
INSERT INTO Scritto_Da VALUES (152,64,97);
INSERT INTO Scritto_Da VALUES (153,64,3);
INSERT INTO Scritto_Da VALUES (154,65,93);
INSERT INTO Scritto_Da VALUES (155,66,91);
INSERT INTO Scritto_Da VALUES (156,66,64);
INSERT INTO Scritto_Da VALUES (157,66,23);
INSERT INTO Scritto_Da VALUES (158,67,68);
INSERT INTO Scritto_Da VALUES (159,67,74);
INSERT INTO Scritto_Da VALUES (160,67,43);
INSERT INTO Scritto_Da VALUES (161,67,46);
INSERT INTO Scritto_Da VALUES (162,68,52);
INSERT INTO Scritto_Da VALUES (163,68,96);
INSERT INTO Scritto_Da VALUES (164,68,10);
INSERT INTO Scritto_Da VALUES (165,69,64);
INSERT INTO Scritto_Da VALUES (166,69,25);
INSERT INTO Scritto_Da VALUES (167,69,47);
INSERT INTO Scritto_Da VALUES (168,69,62);
INSERT INTO Scritto_Da VALUES (169,69,20);
INSERT INTO Scritto_Da VALUES (170,69,29);
INSERT INTO Scritto_Da VALUES (171,69,45);
INSERT INTO Scritto_Da VALUES (172,69,46);
INSERT INTO Scritto_Da VALUES (173,69,84);
INSERT INTO Scritto_Da VALUES (174,69,9);
INSERT INTO Scritto_Da VALUES (175,70,89);
INSERT INTO Scritto_Da VALUES (176,70,43);
INSERT INTO Scritto_Da VALUES (177,70,11);
INSERT INTO Scritto_Da VALUES (178,71,67);
INSERT INTO Scritto_Da VALUES (179,72,78);
INSERT INTO Scritto_Da VALUES (180,72,79);
INSERT INTO Scritto_Da VALUES (181,72,65);
INSERT INTO Scritto_Da VALUES (182,72,43);
INSERT INTO Scritto_Da VALUES (183,72,78);
INSERT INTO Scritto_Da VALUES (184,72,66);
INSERT INTO Scritto_Da VALUES (185,73,77);
INSERT INTO Scritto_Da VALUES (186,73,3);
INSERT INTO Scritto_Da VALUES (187,73,40);
INSERT INTO Scritto_Da VALUES (188,73,15);
INSERT INTO Scritto_Da VALUES (189,74,89);
INSERT INTO Scritto_Da VALUES (190,74,77);
INSERT INTO Scritto_Da VALUES (191,75,74);
INSERT INTO Scritto_Da VALUES (192,75,74);
INSERT INTO Scritto_Da VALUES (193,75,30);
INSERT INTO Scritto_Da VALUES (194,76,78);
INSERT INTO Scritto_Da VALUES (195,77,93);
INSERT INTO Scritto_Da VALUES (196,77,93);
INSERT INTO Scritto_Da VALUES (197,77,61);
INSERT INTO Scritto_Da VALUES (198,78,65);
INSERT INTO Scritto_Da VALUES (199,78,80);
INSERT INTO Scritto_Da VALUES (200,78,5);
INSERT INTO Scritto_Da VALUES (201,79,77);
INSERT INTO Scritto_Da VALUES (202,79,99);
INSERT INTO Scritto_Da VALUES (203,79,72);
INSERT INTO Scritto_Da VALUES (204,79,69);
INSERT INTO Scritto_Da VALUES (205,79,2);
INSERT INTO Scritto_Da VALUES (206,79,21);
INSERT INTO Scritto_Da VALUES (207,79,65);
INSERT INTO Scritto_Da VALUES (208,79,49);
INSERT INTO Scritto_Da VALUES (209,80,43);
INSERT INTO Scritto_Da VALUES (210,80,47);
INSERT INTO Scritto_Da VALUES (211,80,90);
INSERT INTO Scritto_Da VALUES (212,81,59);
INSERT INTO Scritto_Da VALUES (213,81,9);
INSERT INTO Scritto_Da VALUES (214,82,81);
INSERT INTO Scritto_Da VALUES (215,82,46);
INSERT INTO Scritto_Da VALUES (216,82,17);
INSERT INTO Scritto_Da VALUES (217,83,60);
INSERT INTO Scritto_Da VALUES (218,83,67);
INSERT INTO Scritto_Da VALUES (219,83,92);
INSERT INTO Scritto_Da VALUES (220,84,92);
INSERT INTO Scritto_Da VALUES (221,84,45);
INSERT INTO Scritto_Da VALUES (222,84,65);
INSERT INTO Scritto_Da VALUES (223,85,18);
INSERT INTO Scritto_Da VALUES (224,85,21);
INSERT INTO Scritto_Da VALUES (225,86,16);
INSERT INTO Scritto_Da VALUES (226,86,77);
INSERT INTO Scritto_Da VALUES (227,87,59);
INSERT INTO Scritto_Da VALUES (228,88,31);
INSERT INTO Scritto_Da VALUES (229,88,72);
INSERT INTO Scritto_Da VALUES (230,88,9);
INSERT INTO Scritto_Da VALUES (231,88,3);
INSERT INTO Scritto_Da VALUES (232,88,53);
INSERT INTO Scritto_Da VALUES (233,89,70);
INSERT INTO Scritto_Da VALUES (234,90,80);
INSERT INTO Scritto_Da VALUES (235,90,16);
INSERT INTO Scritto_Da VALUES (236,90,17);
INSERT INTO Scritto_Da VALUES (237,91,29);
INSERT INTO Scritto_Da VALUES (238,91,100);
INSERT INTO Scritto_Da VALUES (239,91,15);
INSERT INTO Scritto_Da VALUES (240,91,81);
INSERT INTO Scritto_Da VALUES (241,92,4);
INSERT INTO Scritto_Da VALUES (242,92,65);
INSERT INTO Scritto_Da VALUES (243,92,95);
INSERT INTO Scritto_Da VALUES (244,92,33);
INSERT INTO Scritto_Da VALUES (245,93,74);
INSERT INTO Scritto_Da VALUES (246,93,46);
INSERT INTO Scritto_Da VALUES (247,93,13);
INSERT INTO Scritto_Da VALUES (248,94,29);
INSERT INTO Scritto_Da VALUES (249,94,45);
INSERT INTO Scritto_Da VALUES (250,95,43);
INSERT INTO Scritto_Da VALUES (251,95,91);
INSERT INTO Scritto_Da VALUES (252,96,7);
INSERT INTO Scritto_Da VALUES (253,96,16);
INSERT INTO Scritto_Da VALUES (254,96,74);
INSERT INTO Scritto_Da VALUES (255,96,33);
INSERT INTO Scritto_Da VALUES (256,97,96);
INSERT INTO Scritto_Da VALUES (257,97,85);
INSERT INTO Scritto_Da VALUES (258,97,92);
INSERT INTO Scritto_Da VALUES (259,98,44);
INSERT INTO Scritto_Da VALUES (260,99,33);
INSERT INTO Scritto_Da VALUES (261,99,13);
INSERT INTO Scritto_Da VALUES (262,100,11);
INSERT INTO Scritto_Da VALUES (263,101,80);
INSERT INTO Scritto_Da VALUES (264,101,7);
INSERT INTO Scritto_Da VALUES (265,102,83);
INSERT INTO Scritto_Da VALUES (266,102,23);
INSERT INTO Scritto_Da VALUES (267,102,13);
INSERT INTO Scritto_Da VALUES (268,103,29);
INSERT INTO Scritto_Da VALUES (269,104,52);
INSERT INTO Scritto_Da VALUES (270,105,88);
INSERT INTO Scritto_Da VALUES (271,105,85);
INSERT INTO Scritto_Da VALUES (272,105,100);
INSERT INTO Scritto_Da VALUES (273,105,32);
INSERT INTO Scritto_Da VALUES (274,105,17);
INSERT INTO Scritto_Da VALUES (275,106,100);
INSERT INTO Scritto_Da VALUES (276,106,37);
INSERT INTO Scritto_Da VALUES (277,107,73);
INSERT INTO Scritto_Da VALUES (278,107,63);
INSERT INTO Scritto_Da VALUES (279,108,31);
INSERT INTO Scritto_Da VALUES (280,108,27);
INSERT INTO Scritto_Da VALUES (281,108,66);
INSERT INTO Scritto_Da VALUES (282,108,85);
INSERT INTO Scritto_Da VALUES (283,108,75);
INSERT INTO Scritto_Da VALUES (284,109,59);
INSERT INTO Scritto_Da VALUES (285,109,50);
INSERT INTO Scritto_Da VALUES (286,109,43);
INSERT INTO Scritto_Da VALUES (287,111,72);
INSERT INTO Scritto_Da VALUES (288,111,40);
INSERT INTO Scritto_Da VALUES (289,111,52);
INSERT INTO Scritto_Da VALUES (290,112,88);
INSERT INTO Scritto_Da VALUES (291,113,70);
INSERT INTO Scritto_Da VALUES (292,113,7);
INSERT INTO Scritto_Da VALUES (293,114,27);
INSERT INTO Scritto_Da VALUES (294,114,1);
INSERT INTO Scritto_Da VALUES (295,114,13);
INSERT INTO Scritto_Da VALUES (296,115,81);
INSERT INTO Scritto_Da VALUES (297,115,29);
INSERT INTO Scritto_Da VALUES (298,115,8);
INSERT INTO Scritto_Da VALUES (299,116,46);
INSERT INTO Scritto_Da VALUES (300,116,67);
INSERT INTO Scritto_Da VALUES (301,116,42);
INSERT INTO Scritto_Da VALUES (302,116,40);
INSERT INTO Scritto_Da VALUES (303,117,99);
INSERT INTO Scritto_Da VALUES (304,117,47);
INSERT INTO Scritto_Da VALUES (305,117,39);
INSERT INTO Scritto_Da VALUES (306,118,74);
INSERT INTO Scritto_Da VALUES (307,118,10);
INSERT INTO Scritto_Da VALUES (308,119,30);
INSERT INTO Scritto_Da VALUES (309,119,28);
INSERT INTO Scritto_Da VALUES (310,120,4);
INSERT INTO Scritto_Da VALUES (311,121,9);
INSERT INTO Scritto_Da VALUES (312,121,34);
INSERT INTO Scritto_Da VALUES (313,124,86);
INSERT INTO Scritto_Da VALUES (314,124,41);
INSERT INTO Scritto_Da VALUES (315,124,62);
INSERT INTO Scritto_Da VALUES (316,125,34);
INSERT INTO Scritto_Da VALUES (317,125,44);
INSERT INTO Scritto_Da VALUES (318,126,60);
INSERT INTO Scritto_Da VALUES (319,127,42);
INSERT INTO Scritto_Da VALUES (320,127,44);
INSERT INTO Scritto_Da VALUES (321,127,59);
INSERT INTO Scritto_Da VALUES (322,128,11);
INSERT INTO Scritto_Da VALUES (323,128,23);
INSERT INTO Scritto_Da VALUES (324,128,60);
INSERT INTO Scritto_Da VALUES (325,128,33);
INSERT INTO Scritto_Da VALUES (326,129,4);
INSERT INTO Scritto_Da VALUES (327,129,51);
INSERT INTO Scritto_Da VALUES (328,129,10);
INSERT INTO Scritto_Da VALUES (329,130,65);
INSERT INTO Scritto_Da VALUES (330,130,7);
INSERT INTO Scritto_Da VALUES (331,130,25);
INSERT INTO Scritto_Da VALUES (332,131,95);
INSERT INTO Scritto_Da VALUES (333,131,31);
INSERT INTO Scritto_Da VALUES (334,131,94);
INSERT INTO Scritto_Da VALUES (335,131,51);
INSERT INTO Scritto_Da VALUES (336,132,61);
INSERT INTO Scritto_Da VALUES (337,132,39);
INSERT INTO Scritto_Da VALUES (338,132,72);
INSERT INTO Scritto_Da VALUES (339,133,8);
INSERT INTO Scritto_Da VALUES (340,133,92);
INSERT INTO Scritto_Da VALUES (341,134,32);
INSERT INTO Scritto_Da VALUES (342,134,34);
INSERT INTO Scritto_Da VALUES (343,135,60);
INSERT INTO Scritto_Da VALUES (344,136,67);
INSERT INTO Scritto_Da VALUES (345,136,31);
INSERT INTO Scritto_Da VALUES (346,137,53);
INSERT INTO Scritto_Da VALUES (347,137,3);
INSERT INTO Scritto_Da VALUES (348,137,88);
INSERT INTO Scritto_Da VALUES (349,138,87);
INSERT INTO Scritto_Da VALUES (350,138,45);
INSERT INTO Scritto_Da VALUES (351,139,93);
INSERT INTO Scritto_Da VALUES (352,140,43);
INSERT INTO Scritto_Da VALUES (353,140,17);
INSERT INTO Scritto_Da VALUES (354,140,81);
INSERT INTO Scritto_Da VALUES (355,140,38);
INSERT INTO Scritto_Da VALUES (356,140,84);
INSERT INTO Scritto_Da VALUES (357,140,54);
INSERT INTO Scritto_Da VALUES (358,141,29);
INSERT INTO Scritto_Da VALUES (359,142,3);
INSERT INTO Scritto_Da VALUES (360,142,45);
INSERT INTO Scritto_Da VALUES (361,142,46);
INSERT INTO Scritto_Da VALUES (362,143,86);
INSERT INTO Scritto_Da VALUES (363,143,82);
INSERT INTO Scritto_Da VALUES (364,143,23);
INSERT INTO Scritto_Da VALUES (365,144,41);
INSERT INTO Scritto_Da VALUES (366,144,12);
INSERT INTO Scritto_Da VALUES (367,144,59);
INSERT INTO Scritto_Da VALUES (368,145,77);
INSERT INTO Scritto_Da VALUES (369,146,60);
INSERT INTO Scritto_Da VALUES (370,146,6);
INSERT INTO Scritto_Da VALUES (371,146,84);
INSERT INTO Scritto_Da VALUES (372,146,34);
INSERT INTO Scritto_Da VALUES (373,146,48);
INSERT INTO Scritto_Da VALUES (374,147,16);
INSERT INTO Scritto_Da VALUES (375,148,84);
INSERT INTO Scritto_Da VALUES (376,148,56);
INSERT INTO Scritto_Da VALUES (377,148,26);
INSERT INTO Scritto_Da VALUES (378,149,14);
INSERT INTO Scritto_Da VALUES (379,149,15);
INSERT INTO Scritto_Da VALUES (380,150,38);
INSERT INTO Scritto_Da VALUES (381,150,1);
INSERT INTO Scritto_Da VALUES (382,151,29);
INSERT INTO Scritto_Da VALUES (383,151,60);
INSERT INTO Scritto_Da VALUES (384,151,62);
INSERT INTO Scritto_Da VALUES (385,151,31);
INSERT INTO Scritto_Da VALUES (386,151,90);
INSERT INTO Scritto_Da VALUES (387,151,64);
INSERT INTO Scritto_Da VALUES (388,151,52);
INSERT INTO Scritto_Da VALUES (389,152,5);
INSERT INTO Scritto_Da VALUES (390,152,44);
INSERT INTO Scritto_Da VALUES (391,152,1);
INSERT INTO Scritto_Da VALUES (392,152,26);
INSERT INTO Scritto_Da VALUES (393,153,60);
INSERT INTO Scritto_Da VALUES (394,153,48);
INSERT INTO Scritto_Da VALUES (395,153,62);
INSERT INTO Scritto_Da VALUES (396,154,55);
INSERT INTO Scritto_Da VALUES (397,154,61);
INSERT INTO Scritto_Da VALUES (398,154,57);
INSERT INTO Scritto_Da VALUES (399,155,33);
INSERT INTO Scritto_Da VALUES (400,155,54);
INSERT INTO Scritto_Da VALUES (401,155,56);
INSERT INTO Scritto_Da VALUES (402,155,63);
INSERT INTO Scritto_Da VALUES (403,155,97);
INSERT INTO Scritto_Da VALUES (404,156,21);
INSERT INTO Scritto_Da VALUES (405,156,2);
INSERT INTO Scritto_Da VALUES (406,156,27);
INSERT INTO Scritto_Da VALUES (407,158,74);
INSERT INTO Scritto_Da VALUES (408,158,67);
INSERT INTO Scritto_Da VALUES (409,158,92);
INSERT INTO Scritto_Da VALUES (410,158,4);
INSERT INTO Scritto_Da VALUES (411,159,46);
INSERT INTO Scritto_Da VALUES (412,159,51);
INSERT INTO Scritto_Da VALUES (413,160,51);
INSERT INTO Scritto_Da VALUES (414,160,18);
INSERT INTO Scritto_Da VALUES (415,160,30);
INSERT INTO Scritto_Da VALUES (416,160,10);
INSERT INTO Scritto_Da VALUES (417,160,48);
INSERT INTO Scritto_Da VALUES (418,160,98);
INSERT INTO Scritto_Da VALUES (419,160,27);
INSERT INTO Scritto_Da VALUES (420,160,66);
INSERT INTO Scritto_Da VALUES (421,162,28);
INSERT INTO Scritto_Da VALUES (422,162,17);
INSERT INTO Scritto_Da VALUES (423,162,7);
INSERT INTO Scritto_Da VALUES (424,162,33);
INSERT INTO Scritto_Da VALUES (425,163,69);
INSERT INTO Scritto_Da VALUES (426,164,86);
INSERT INTO Scritto_Da VALUES (427,164,19);
INSERT INTO Scritto_Da VALUES (428,164,66);
INSERT INTO Scritto_Da VALUES (429,165,45);
INSERT INTO Scritto_Da VALUES (430,165,21);
INSERT INTO Scritto_Da VALUES (431,166,79);
INSERT INTO Scritto_Da VALUES (432,166,17);
INSERT INTO Scritto_Da VALUES (433,166,22);
INSERT INTO Scritto_Da VALUES (434,167,50);
INSERT INTO Scritto_Da VALUES (435,167,96);
INSERT INTO Scritto_Da VALUES (436,167,62);
INSERT INTO Scritto_Da VALUES (437,167,50);
INSERT INTO Scritto_Da VALUES (438,168,34);
INSERT INTO Scritto_Da VALUES (439,168,26);
INSERT INTO Scritto_Da VALUES (440,168,96);
INSERT INTO Scritto_Da VALUES (441,168,36);
INSERT INTO Scritto_Da VALUES (442,169,10);
INSERT INTO Scritto_Da VALUES (443,169,38);
INSERT INTO Scritto_Da VALUES (444,169,59);
INSERT INTO Scritto_Da VALUES (445,169,55);
INSERT INTO Scritto_Da VALUES (446,169,95);
INSERT INTO Scritto_Da VALUES (447,171,12);
INSERT INTO Scritto_Da VALUES (448,171,60);
INSERT INTO Scritto_Da VALUES (449,171,89);
INSERT INTO Scritto_Da VALUES (450,172,54);
INSERT INTO Scritto_Da VALUES (451,172,99);
INSERT INTO Scritto_Da VALUES (452,173,64);
INSERT INTO Scritto_Da VALUES (453,173,41);
INSERT INTO Scritto_Da VALUES (454,173,12);
INSERT INTO Scritto_Da VALUES (455,174,73);
INSERT INTO Scritto_Da VALUES (456,174,21);
INSERT INTO Scritto_Da VALUES (457,175,1);
INSERT INTO Scritto_Da VALUES (458,175,52);
INSERT INTO Scritto_Da VALUES (459,175,74);
INSERT INTO Scritto_Da VALUES (460,175,86);
INSERT INTO Scritto_Da VALUES (461,176,62);
INSERT INTO Scritto_Da VALUES (462,176,91);
INSERT INTO Scritto_Da VALUES (463,176,92);
INSERT INTO Scritto_Da VALUES (464,176,39);
INSERT INTO Scritto_Da VALUES (465,176,74);
INSERT INTO Scritto_Da VALUES (466,177,93);
INSERT INTO Scritto_Da VALUES (467,177,9);
INSERT INTO Scritto_Da VALUES (468,177,44);
INSERT INTO Scritto_Da VALUES (469,177,39);
INSERT INTO Scritto_Da VALUES (470,177,36);
INSERT INTO Scritto_Da VALUES (471,177,30);
INSERT INTO Scritto_Da VALUES (472,178,8);
INSERT INTO Scritto_Da VALUES (473,178,22);
INSERT INTO Scritto_Da VALUES (474,178,54);
INSERT INTO Scritto_Da VALUES (475,179,74);
INSERT INTO Scritto_Da VALUES (476,179,91);
INSERT INTO Scritto_Da VALUES (477,179,62);
INSERT INTO Scritto_Da VALUES (478,180,4);
INSERT INTO Scritto_Da VALUES (479,180,89);
INSERT INTO Scritto_Da VALUES (480,180,82);
INSERT INTO Scritto_Da VALUES (481,182,55);
INSERT INTO Scritto_Da VALUES (482,183,51);
INSERT INTO Scritto_Da VALUES (483,183,82);
INSERT INTO Scritto_Da VALUES (484,183,92);
INSERT INTO Scritto_Da VALUES (485,185,52);
INSERT INTO Scritto_Da VALUES (486,185,31);
INSERT INTO Scritto_Da VALUES (487,185,36);
INSERT INTO Scritto_Da VALUES (488,186,1);
INSERT INTO Scritto_Da VALUES (489,186,26);
INSERT INTO Scritto_Da VALUES (490,187,35);
INSERT INTO Scritto_Da VALUES (491,187,96);
INSERT INTO Scritto_Da VALUES (492,187,41);
INSERT INTO Scritto_Da VALUES (493,188,68);
INSERT INTO Scritto_Da VALUES (494,189,99);
INSERT INTO Scritto_Da VALUES (495,189,83);
INSERT INTO Scritto_Da VALUES (496,190,42);
INSERT INTO Scritto_Da VALUES (497,190,96);
INSERT INTO Scritto_Da VALUES (498,190,50);
INSERT INTO Scritto_Da VALUES (499,190,51);
INSERT INTO Scritto_Da VALUES (500,191,20);
INSERT INTO Scritto_Da VALUES (501,191,29);
INSERT INTO Scritto_Da VALUES (502,191,8);
INSERT INTO Scritto_Da VALUES (503,191,33);
INSERT INTO Scritto_Da VALUES (504,192,64);
INSERT INTO Scritto_Da VALUES (505,192,56);
INSERT INTO Scritto_Da VALUES (506,192,3);
INSERT INTO Scritto_Da VALUES (507,192,93);
INSERT INTO Scritto_Da VALUES (508,193,46);
INSERT INTO Scritto_Da VALUES (509,193,89);
INSERT INTO Scritto_Da VALUES (510,194,76);
INSERT INTO Scritto_Da VALUES (511,194,96);
INSERT INTO Scritto_Da VALUES (512,194,44);
INSERT INTO Scritto_Da VALUES (513,194,47);
INSERT INTO Scritto_Da VALUES (514,197,47);
INSERT INTO Scritto_Da VALUES (515,197,65);
INSERT INTO Scritto_Da VALUES (516,197,94);
INSERT INTO Scritto_Da VALUES (517,197,70);
INSERT INTO Scritto_Da VALUES (518,197,16);
INSERT INTO Scritto_Da VALUES (519,198,18);
INSERT INTO Scritto_Da VALUES (520,198,39);
INSERT INTO Scritto_Da VALUES (521,199,34);
INSERT INTO Scritto_Da VALUES (522,199,70);


INSERT INTO Studente VALUE ('166205', 'Edoardo', 'Ponsanesi', 'Via Rio Morto','22','62442','Termoli','3333550647');
INSERT INTO Studente VALUE ('165672', 'Enrico', 'Albertini', 'Via Cavour','145','00121','Lugo','3144663273');
INSERT INTO Studente VALUE ('912913', 'Iena', 'Ridens', 'Via Savana','99','00021','SavaTown','3121415177');
INSERT INTO Studente VALUE ('156789', 'Ugo', 'Tognazzi', 'Via Carlo Alberti','22','62442','San Benedetto del Tronto','3333550647');
INSERT INTO Studente VALUE ('887656', 'Filippo', 'Marinelli', 'Via Cavour','145','23423','Roma','3144663273');
INSERT INTO Studente VALUE ('479862', 'Gaspar', 'Noe', 'Hilton Hill','99','03233','Providence','3121415177');

INSERT INTO Prestito (MATRICOLA_S, ID_L, DATA_USCITA) VALUE ('166205', 28, DATE ('2023-07-16'));
INSERT INTO Prestito (MATRICOLA_S, ID_L, DATA_USCITA) VALUE ('166205', 145, DATE ('2023-07-01'));
INSERT INTO Prestito (MATRICOLA_S, ID_L, DATA_USCITA) VALUE ('166205', 28, DATE ('2023-06-27'));
INSERT INTO Prestito (MATRICOLA_S, ID_L, DATA_USCITA) VALUE ('887656', 28, DATE ('2023-07-16'));

INSERT INTO Prestito (MATRICOLA_S, ID_L, DATA_USCITA) VALUE ('479862',59, DATE ('2023-05-23'));
INSERT INTO Prestito (MATRICOLA_S, ID_L, DATA_USCITA) VALUE ('479862',57, DATE ('2023-03-16'));
INSERT INTO Prestito (MATRICOLA_S, ID_L, DATA_USCITA) VALUE ('479862',14, DATE ('2023-07-16'));
INSERT INTO Prestito (MATRICOLA_S, ID_L, DATA_USCITA) VALUE ('479862',43, DATE ('2023-07-23'));
INSERT INTO Prestito (MATRICOLA_S, ID_L, DATA_USCITA) VALUE ('479862',46 ,DATE ('2023-03-17'));
INSERT INTO Prestito (MATRICOLA_S, ID_L, DATA_USCITA) VALUE ('479862',49, DATE ('2023-07-23'));
INSERT INTO Prestito (MATRICOLA_S, ID_L, DATA_USCITA) VALUE ('479862',48 ,DATE ('2023-07-16'));
INSERT INTO Prestito (MATRICOLA_S, ID_L, DATA_USCITA) VALUE ('887656',99, DATE ('2023-05-16'));
INSERT INTO Prestito (MATRICOLA_S, ID_L, DATA_USCITA) VALUE ('887656',71, DATE ('2023-01-25'));
INSERT INTO Prestito (MATRICOLA_S, ID_L, DATA_USCITA) VALUE ('887656',25, DATE ('2023-07-16'));
INSERT INTO Prestito (MATRICOLA_S, ID_L, DATA_USCITA) VALUE ('887656',34, DATE ('2023-03-17'));
INSERT INTO Prestito (MATRICOLA_S, ID_L, DATA_USCITA) VALUE ('887656',74, DATE ('2023-07-16'));
INSERT INTO Prestito (MATRICOLA_S, ID_L, DATA_USCITA) VALUE ('912913',63, DATE ('2023-05-16'));
INSERT INTO Prestito (MATRICOLA_S, ID_L, DATA_USCITA) VALUE ('912913',36, DATE ('2023-05-15'));
INSERT INTO Prestito (MATRICOLA_S, ID_L, DATA_USCITA) VALUE ('912913',66, DATE ('2023-07-17'));
INSERT INTO Prestito (MATRICOLA_S, ID_L, DATA_USCITA) VALUE ('912913',3, DATE ('2023-03-16'));
INSERT INTO Prestito (MATRICOLA_S, ID_L, DATA_USCITA) VALUE ('912913',33, DATE ('2023-07-16'));
INSERT INTO Prestito (MATRICOLA_S, ID_L, DATA_USCITA) VALUE ('912913',75 , DATE ('2023-07-16'));
INSERT INTO Prestito (MATRICOLA_S, ID_L, DATA_USCITA) VALUE ('912913',15, DATE ('2023-07-16'));
INSERT INTO Prestito (MATRICOLA_S, ID_L, DATA_USCITA) VALUE ('912913',19 , DATE ('2023-07-16'));
INSERT INTO Prestito (MATRICOLA_S, ID_L, DATA_USCITA) VALUE ('912913',28 , DATE ('2023-07-16'));
INSERT INTO Prestito (MATRICOLA_S, ID_L, DATA_USCITA) VALUE ('912913',29, DATE ('2023-07-19'));
INSERT INTO Prestito (MATRICOLA_S, ID_L, DATA_USCITA) VALUE ('156789',73, DATE ('2023-05-19'));
INSERT INTO Prestito (MATRICOLA_S, ID_L, DATA_USCITA) VALUE ('156789',37, DATE ('2023-01-19'));
INSERT INTO Prestito (MATRICOLA_S, ID_L, DATA_USCITA) VALUE ('156789',94, DATE ('2023-03-16'));
INSERT INTO Prestito (MATRICOLA_S, ID_L, DATA_USCITA) VALUE ('156789',46, DATE ('2023-03-17'));
INSERT INTO Prestito (MATRICOLA_S, ID_L, DATA_USCITA) VALUE ('156789',43, DATE ('2023-07-16'));
INSERT INTO Prestito (MATRICOLA_S, ID_L, DATA_USCITA) VALUE ('156789',41, DATE ('2023-05-17'));
INSERT INTO Prestito (MATRICOLA_S, ID_L, DATA_USCITA) VALUE ('156789',97, DATE ('2023-07-16'));
INSERT INTO Prestito (MATRICOLA_S, ID_L, DATA_USCITA) VALUE ('156789',99, DATE ('2023-05-17'));
INSERT INTO Prestito (MATRICOLA_S, ID_L, DATA_USCITA) VALUE ('156789',88, DATE ('2023-01-16'));
INSERT INTO Prestito (MATRICOLA_S, ID_L, DATA_USCITA) VALUE ('165672',77, DATE ('2023-07-17'));
INSERT INTO Prestito (MATRICOLA_S, ID_L, DATA_USCITA) VALUE ('165672',55, DATE ('2023-01-23'));
